Дата,UserID,Продукт,Количество,Цена
2024-03-11T15:14:58.826Z,374,Ручка шариковая,1,894.34
2024-03-20T07:16:37.619Z,9656,Дневник,6,1723.78
2024-05-08T09:02:25.123Z,1144,Ластик,8,1626.05
2024-06-12T22:42:02.839Z,2881,Ластик,4,942.15
2024-06-10T02:52:57.419Z,6681,Бумага А4,4,226.57
2024-04-02T19:32:40.159Z,3533,Рюкзак,1,1892.45
2024-04-19T16:58:56.716Z,7694,Бумага А4,10,1969.02
2024-03-29T23:07:55.949Z,4418,Ластик,9,113.83
2024-02-20T19:23:21.084Z,193,Ластик,9,29.12
2024-05-04T02:08:53.161Z,7952,Карандаш,10,494.3
2024-03-03T06:31:49.591Z,1090,Дневник,9,1963.29
2024-06-18T05:11:26.718Z,7483,Ластик,5,17.01
2024-05-29T11:38:37.019Z,6493,Ручка шариковая,8,440.81
2024-02-21T05:45:08.612Z,8962,Ластик,3,1925.13
2024-02-05T07:01:25.837Z,1663,Ластик,10,1318.29
2024-06-02T02:57:27.057Z,8359,Карандаш,1,1550.54
2024-02-16T22:27:57.917Z,481,Ластик,10,1952.73
2024-03-31T09:55:13.039Z,522,Ручка шариковая,5,376.87
2024-05-30T13:52:18.720Z,1628,Карандаш,10,1605.22
2024-02-04T07:55:16.044Z,7430,Ластик,6,540.65
2024-05-17T19:25:22.160Z,6619,Бумага А4,1,860.35
2024-06-16T07:01:37.211Z,876,Ластик,3,25.17
2024-03-29T04:29:54.902Z,2789,Бумага А4,5,1840.83
2024-03-08T00:02:51.945Z,4109,Степлер,4,49.48
2024-02-27T13:18:43.850Z,458,Карандаш,5,603.68
2024-07-11T02:14:56.730Z,869,Рюкзак,9,583.68
2024-05-18T05:08:44.360Z,912,Степлер,1,1275.0
2024-01-18T00:53:04.336Z,3465,Степлер,2,417.98
2024-03-25T11:21:04.325Z,1325,Карандаш,9,355.75
2024-04-01T08:20:12.525Z,1308,Степлер,5,425.57
2024-04-29T06:45:19.332Z,3840,Степлер,3,516.59
2024-01-25T21:37:29.109Z,6315,Бумага А4,6,1305.89
2024-04-01T07:38:29.981Z,9203,Карандаш,8,1523.95
2024-01-09T17:04:55.314Z,3547,Бумага А4,5,668.23
2024-06-05T03:02:12.633Z,6900,Карандаш,4,1963.57
2024-01-28T09:31:33.366Z,2941,Ластик,2,1059.34
2024-03-18T01:04:55.974Z,6328,Ручка шариковая,1,1120.03
2024-05-31T14:44:45.665Z,1605,Ручка шариковая,9,1423.85
2024-04-20T00:51:10.485Z,8358,Дневник,2,1202.16
2024-05-23T19:58:55.233Z,2117,Степлер,4,1621.5
2024-01-24T04:24:49.669Z,5471,Дневник,10,1068.09
2024-04-21T02:00:01.032Z,9260,Ручка шариковая,5,1549.05
2024-04-27T23:56:48.389Z,8702,Степлер,5,343.66
2024-03-18T06:15:29.864Z,4375,Степлер,6,586.4
2024-01-05T21:03:20.493Z,2556,Дневник,7,1245.65
2024-03-02T13:53:42.779Z,9488,Карандаш,7,923.84
2024-06-30T00:19:49.173Z,9083,Карандаш,10,1840.86
2024-01-23T20:27:26.947Z,2590,Ластик,10,1328.87
2024-05-21T20:23:44.477Z,5499,Дневник,5,1100.86
2024-07-03T20:45:44.315Z,8679,Ручка шариковая,1,488.55
2024-03-04T16:41:20.194Z,9578,Ластик,5,870.61
2024-02-26T00:00:16.979Z,6004,Степлер,7,739.26
2024-01-22T14:40:47.271Z,524,Дневник,10,1216.47
2024-05-26T06:02:14.510Z,8966,Дневник,3,1054.05
2024-01-11T14:21:03.507Z,6905,Ручка шариковая,4,1877.53
2024-04-11T11:25:26.988Z,2669,Ручка шариковая,2,1260.25
2024-02-29T17:10:16.996Z,5282,Бумага А4,5,1586.7
2024-02-29T14:15:26.695Z,6963,Степлер,3,770.77
2024-06-05T21:38:32.169Z,1025,Степлер,2,471.93
2024-04-14T05:33:38.081Z,8826,Ластик,2,651.65
2024-06-06T19:27:39.040Z,9170,Карандаш,2,1020.91
2024-02-09T12:41:51.175Z,8566,Бумага А4,5,1122.66
2024-05-25T07:14:57.283Z,9118,Карандаш,9,1063.8
2024-05-06T14:46:12.216Z,3978,Ручка шариковая,3,767.48
2024-06-16T12:06:49.391Z,9967,Ластик,8,1838.09
2024-04-20T10:25:51.362Z,9965,Ручка шариковая,3,1920.98
2024-02-13T16:28:46.740Z,3535,Дневник,8,337.76
2024-03-11T14:14:42.112Z,856,Карандаш,5,1975.58
2024-02-26T13:54:42.511Z,2472,Рюкзак,3,264.74
2024-01-15T15:30:48.005Z,9401,Дневник,3,878.92
2024-03-16T20:21:46.241Z,3354,Ручка шариковая,2,883.94
2024-05-10T16:53:25.776Z,4814,Степлер,10,1397.31
2024-07-02T19:51:56.529Z,7638,Степлер,4,1286.07
2024-05-23T23:30:18.014Z,2788,Дневник,3,230.62
2024-04-12T16:32:16.940Z,6357,Карандаш,9,1823.02
2024-06-23T03:24:03.628Z,7371,Бумага А4,7,1990.99
2024-04-17T17:34:51.318Z,3154,Ластик,5,1075.88
2024-05-02T06:52:23.409Z,3959,Дневник,10,960.77
2024-01-07T17:52:30.685Z,1387,Бумага А4,5,928.64
2024-03-18T09:14:49.372Z,9821,Рюкзак,6,902.92
2024-06-17T11:50:57.335Z,3010,Дневник,9,1564.3
2024-02-10T15:27:23.905Z,4170,Ручка шариковая,3,707.41
2024-04-02T03:38:25.736Z,9295,Ручка шариковая,4,1930.41
2024-04-01T21:30:14.167Z,2659,Карандаш,9,1415.82
2024-02-15T20:25:07.134Z,5268,Бумага А4,3,1044.56
2024-05-29T11:31:31.837Z,7163,Ластик,10,1177.02
2024-03-12T09:11:30.304Z,3479,Бумага А4,2,1059.93
2024-05-16T06:38:09.631Z,9868,Степлер,5,374.57
2024-04-28T09:38:18.517Z,627,Бумага А4,5,995.82
2024-02-13T08:30:15.490Z,3347,Карандаш,6,615.42
2024-05-23T11:35:52.140Z,135,Рюкзак,5,1427.42
2024-06-29T08:33:37.007Z,9001,Бумага А4,6,464.28
2024-06-17T06:04:00.074Z,7766,Ластик,4,1895.01
2024-04-22T10:38:53.114Z,2732,Степлер,8,1559.98
2024-06-21T10:12:12.803Z,8290,Бумага А4,8,1201.24
2024-02-04T16:47:38.814Z,7794,Степлер,6,332.84
2024-04-04T14:36:49.826Z,4505,Ластик,9,1194.1
2024-01-08T06:37:00.816Z,6388,Карандаш,6,32.47
2024-06-22T06:37:21.694Z,4621,Карандаш,5,1938.2
2024-04-01T07:05:13.125Z,6987,Степлер,3,1537.12
2024-03-26T14:55:54.907Z,6495,Ластик,8,1348.52
2024-06-08T00:40:41.081Z,430,Степлер,4,1661.05
2024-06-10T02:11:35.567Z,5345,Бумага А4,10,160.18
2024-03-16T12:02:26.909Z,4814,Ручка шариковая,7,70.85
2024-03-07T17:07:06.353Z,734,Степлер,7,304.27
2024-04-11T00:21:39.349Z,9212,Ластик,8,1929.91
2024-05-05T18:07:25.766Z,6561,Бумага А4,9,739.93
2024-03-28T17:49:43.443Z,3667,Дневник,6,791.88
2024-05-11T01:31:56.264Z,2758,Дневник,5,27.77
2024-05-09T11:06:36.717Z,6095,Степлер,9,972.76
2024-01-26T01:50:42.545Z,5476,Карандаш,8,211.96
2024-07-07T04:30:13.298Z,3385,Карандаш,7,1632.43
2024-05-04T09:03:10.116Z,6941,Ручка шариковая,9,975.01
2024-02-17T04:36:39.657Z,8786,Рюкзак,9,1783.16
2024-06-12T21:46:32.448Z,4407,Бумага А4,7,26.53
2024-03-13T19:32:20.724Z,9948,Карандаш,10,1170.48
2024-01-30T17:32:08.331Z,7367,Рюкзак,10,1895.67
2024-06-13T17:22:02.508Z,9599,Ластик,10,447.77
2024-06-14T20:12:16.072Z,7509,Ластик,4,1170.09
2024-01-15T19:34:53.871Z,6579,Рюкзак,3,874.62
2024-02-19T20:59:34.351Z,1955,Ручка шариковая,6,622.74
2024-05-16T23:39:19.011Z,3983,Рюкзак,5,1903.69
2024-03-22T16:33:43.956Z,9189,Ластик,9,1495.07
2024-07-10T02:28:59.709Z,1410,Ручка шариковая,3,1043.03
2024-05-10T23:07:24.434Z,2970,Бумага А4,10,358.32
2024-03-15T15:56:58.846Z,5545,Ластик,3,1576.03
2024-02-04T18:45:59.560Z,9117,Карандаш,7,1431.72
2024-06-09T16:54:37.026Z,8936,Рюкзак,1,1533.84
2024-04-21T15:25:01.672Z,8221,Карандаш,1,1581.62
2024-07-03T22:12:48.482Z,1701,Карандаш,10,1091.62
2024-03-27T07:49:05.677Z,4480,Ластик,2,214.49
2024-06-20T01:45:49.356Z,10,Карандаш,7,1316.19
2024-04-04T06:23:16.474Z,7514,Карандаш,10,143.74
2024-02-03T09:46:13.523Z,5388,Бумага А4,4,572.19
2024-03-11T20:42:08.823Z,8973,Рюкзак,8,404.98
2024-04-22T18:08:39.066Z,755,Рюкзак,8,872.41
2024-02-11T08:51:55.884Z,6990,Дневник,10,898.06
2024-03-24T01:51:10.411Z,2835,Рюкзак,5,19.19
2024-04-07T18:35:30.779Z,8857,Дневник,7,817.5
2024-04-21T16:22:06.166Z,2168,Карандаш,7,1820.83
2024-06-13T13:24:57.978Z,812,Ручка шариковая,2,1351.77
2024-05-26T13:44:58.247Z,8795,Ручка шариковая,6,504.71
2024-04-18T01:31:51.846Z,7710,Рюкзак,7,896.03
2024-04-18T02:41:00.353Z,5294,Карандаш,1,473.91
2024-02-15T19:30:38.354Z,714,Дневник,5,1191.62
2024-03-24T11:21:18.572Z,394,Карандаш,6,1501.59
2024-03-15T01:59:44.227Z,5475,Бумага А4,5,1676.22
2024-05-01T02:12:09.243Z,442,Бумага А4,1,1765.75
2024-06-26T19:17:24.304Z,8847,Бумага А4,6,965.03
2024-07-03T12:36:50.705Z,8144,Степлер,4,56.75
2024-01-04T22:54:11.254Z,7502,Ручка шариковая,7,1964.39
2024-03-31T20:35:20.776Z,2038,Карандаш,4,831.79
2024-01-30T06:54:48.301Z,695,Карандаш,1,185.97
2024-01-18T19:33:46.401Z,7595,Степлер,8,302.64
2024-01-22T09:24:15.908Z,1671,Ластик,8,1680.66
2024-03-18T12:14:01.771Z,1638,Бумага А4,9,1287.5
2024-05-26T14:28:12.140Z,7662,Степлер,2,1171.68
2024-02-16T20:12:28.832Z,2576,Ручка шариковая,8,670.44
2024-03-27T02:55:41.709Z,5383,Дневник,8,1576.77
2024-06-04T13:30:21.534Z,3397,Рюкзак,9,1628.72
2024-05-11T10:23:15.135Z,3603,Дневник,2,1290.36
2024-07-10T06:44:43.180Z,1818,Дневник,10,1124.03
2024-01-31T05:13:36.689Z,2269,Карандаш,8,1057.59
2024-02-19T22:03:51.858Z,7467,Бумага А4,10,1961.28
2024-04-28T20:52:10.695Z,2876,Ручка шариковая,4,497.7
2024-03-18T11:23:48.109Z,3013,Степлер,7,445.05
2024-01-22T07:15:32.965Z,4515,Рюкзак,1,100.96
2024-06-11T16:04:33.127Z,5772,Бумага А4,8,574.26
2024-04-20T22:57:39.550Z,3058,Степлер,3,861.32
2024-01-31T22:29:45.111Z,1430,Ластик,6,1163.43
2024-06-25T12:51:06.468Z,6761,Степлер,3,408.82
2024-03-19T16:57:19.722Z,8462,Рюкзак,9,974.88
2024-04-22T14:20:55.692Z,2663,Бумага А4,9,1737.73
2024-02-25T12:24:19.747Z,7160,Ручка шариковая,1,1143.92
2024-02-14T09:24:51.496Z,7411,Ластик,8,282.44
2024-07-12T05:00:54.602Z,9197,Ручка шариковая,6,762.24
2024-02-15T09:56:45.942Z,8665,Дневник,2,855.45
2024-02-18T07:45:58.643Z,8732,Ластик,9,132.93
2024-07-08T23:07:57.017Z,420,Степлер,4,830.47
2024-05-19T08:38:59.471Z,2395,Рюкзак,8,193.57
2024-02-05T09:26:15.376Z,5951,Степлер,8,865.65
2024-03-19T12:04:37.584Z,8380,Ластик,6,714.12
2024-02-04T11:38:53.870Z,9758,Ручка шариковая,6,1828.69
2024-01-10T14:06:01.364Z,6893,Бумага А4,7,407.75
2024-05-28T17:22:13.673Z,6142,Ластик,6,1784.15
2024-04-30T15:32:04.534Z,2173,Карандаш,9,1064.69
2024-05-09T00:11:56.380Z,7662,Карандаш,2,994.29
2024-04-26T07:25:51.068Z,9906,Карандаш,7,546.26
2024-02-17T08:02:06.743Z,827,Карандаш,8,81.7
2024-03-17T02:09:24.137Z,1200,Ластик,7,775.44
2024-03-26T01:39:37.095Z,7953,Ручка шариковая,3,1565.46
2024-02-07T07:56:44.793Z,6460,Ручка шариковая,6,1912.79
2024-01-12T04:26:48.054Z,3594,Степлер,10,1537.24
2024-07-09T09:29:33.881Z,9605,Рюкзак,9,782.65
2024-05-18T18:34:53.103Z,9844,Дневник,6,1223.36
2024-01-10T00:40:22.545Z,4758,Степлер,9,1732.52
2024-03-03T19:16:52.513Z,7979,Дневник,1,654.45
2024-06-08T04:56:20.630Z,1231,Степлер,4,784.49
2024-05-18T17:56:01.336Z,4585,Степлер,5,1085.19
2024-01-05T05:18:54.765Z,7718,Рюкзак,3,1352.27
2024-05-30T16:56:10.938Z,9175,Дневник,5,1319.48
2024-04-09T03:14:41.774Z,7142,Рюкзак,7,1331.75
2024-06-23T04:32:50.408Z,9749,Степлер,9,136.46
2024-02-07T20:41:08.394Z,2551,Бумага А4,8,174.27
2024-07-09T02:44:24.518Z,2962,Рюкзак,2,67.43
2024-05-29T18:06:50.289Z,5847,Дневник,2,38.11
2024-03-03T11:31:08.802Z,2438,Ластик,3,1515.89
2024-01-21T13:33:36.554Z,9669,Степлер,1,222.73
2024-01-22T21:07:30.331Z,3703,Ластик,1,1677.69
2024-01-14T20:42:24.233Z,8693,Ручка шариковая,2,1291.51
2024-03-06T01:52:58.694Z,5845,Рюкзак,4,1698.46
2024-01-06T12:37:31.987Z,51,Степлер,7,550.81
2024-03-02T20:28:52.462Z,493,Дневник,8,12.47
2024-01-22T23:13:36.058Z,5840,Рюкзак,10,1152.96
2024-01-02T03:05:31.639Z,8164,Бумага А4,6,362.76
2024-03-23T06:26:05.035Z,1829,Карандаш,4,1491.03
2024-01-02T12:38:10.878Z,7081,Дневник,7,803.3
2024-03-06T17:39:45.560Z,7991,Бумага А4,8,965.39
2024-04-18T22:10:43.057Z,5530,Рюкзак,1,576.12
2024-03-31T08:35:54.390Z,1479,Ластик,10,1277.4
2024-05-28T03:20:46.550Z,5109,Ластик,7,1424.78
2024-06-28T02:04:46.910Z,8322,Ручка шариковая,6,1243.74
2024-02-12T06:24:43.536Z,1550,Бумага А4,9,1657.93
2024-04-22T21:24:22.644Z,5204,Дневник,10,322.97
2024-05-11T14:01:41.467Z,4976,Ручка шариковая,8,62.15
2024-03-21T23:06:25.674Z,9036,Ручка шариковая,1,225.1
2024-02-10T21:06:13.328Z,6048,Ластик,7,1174.23
2024-04-26T18:12:59.194Z,9871,Дневник,7,1565.67
2024-05-09T11:17:05.476Z,6544,Карандаш,9,906.43
2024-02-26T23:24:12.937Z,5065,Рюкзак,7,949.53
2024-06-15T08:54:19.270Z,8112,Рюкзак,4,972.65
2024-02-16T18:40:52.178Z,4422,Дневник,10,187.9
2024-05-29T16:43:00.050Z,910,Рюкзак,4,1948.0
2024-05-12T09:03:37.972Z,1438,Степлер,9,1959.95
2024-01-19T06:57:18.472Z,2394,Карандаш,6,1372.34
2024-05-12T15:24:58.155Z,7759,Рюкзак,9,1102.03
2024-05-05T11:50:35.196Z,8234,Ручка шариковая,10,1509.72
2024-02-17T16:44:16.824Z,4687,Бумага А4,3,1012.28
2024-05-05T07:05:38.869Z,3870,Рюкзак,8,1615.72
2024-04-13T14:12:19.928Z,854,Ластик,6,1064.24
2024-01-05T08:28:46.541Z,4079,Бумага А4,1,244.06
2024-01-28T18:31:08.902Z,3913,Бумага А4,9,1368.66
2024-06-07T06:28:53.957Z,5407,Карандаш,8,428.8
2024-03-26T16:49:23.722Z,6254,Ластик,10,1062.05
2024-03-23T08:27:06.132Z,3704,Ластик,6,1812.39
2024-07-10T23:51:31.102Z,4508,Дневник,3,1828.33
2024-02-11T22:49:52.587Z,2301,Бумага А4,9,1947.02
2024-02-19T02:06:02.775Z,385,Ручка шариковая,7,1608.57
2024-04-28T20:21:06.211Z,9339,Ручка шариковая,7,1336.96
2024-04-24T04:59:12.258Z,3270,Карандаш,10,1311.73
2024-02-16T14:59:41.449Z,4871,Рюкзак,3,679.67
2024-05-26T17:02:20.266Z,8275,Степлер,3,591.8
2024-03-23T06:45:11.007Z,6765,Ластик,9,1617.78
2024-06-15T18:06:30.832Z,1383,Ластик,10,815.8
2024-05-10T04:44:04.224Z,9871,Степлер,4,555.32
2024-05-13T07:56:19.581Z,5174,Ручка шариковая,5,1419.89
2024-05-08T07:19:22.234Z,4056,Дневник,1,364.12
2024-01-24T09:16:59.806Z,782,Ручка шариковая,4,574.67
2024-02-07T13:49:04.141Z,5851,Степлер,8,603.08
2024-04-17T21:18:14.992Z,5537,Степлер,6,196.99
2024-07-07T15:31:17.596Z,7090,Рюкзак,2,1884.04
2024-06-08T13:38:08.284Z,6882,Бумага А4,6,894.09
2024-01-21T16:56:57.268Z,1779,Бумага А4,10,1604.15
2024-05-31T08:29:49.025Z,785,Ручка шариковая,2,1075.71
2024-04-10T02:12:15.784Z,7209,Карандаш,2,1156.12
2024-07-12T01:08:47.895Z,9668,Дневник,6,117.18
2024-01-30T15:53:56.135Z,8858,Ластик,8,361.16
2024-06-29T16:02:03.900Z,8489,Ластик,7,1087.21
2024-05-17T01:11:29.910Z,6938,Степлер,3,1572.54
2024-04-03T05:46:13.307Z,6116,Ручка шариковая,5,1183.59
2024-02-14T06:28:09.964Z,6947,Карандаш,10,1167.92
2024-01-20T02:40:02.318Z,7106,Степлер,7,618.43
2024-07-06T03:20:56.833Z,4607,Ластик,9,1578.91
2024-06-06T03:22:20.728Z,7331,Карандаш,10,319.9
2024-06-13T19:34:52.560Z,3993,Бумага А4,3,1154.93
2024-05-24T22:18:29.166Z,2053,Карандаш,9,1414.81
2024-06-23T02:21:03.229Z,8090,Дневник,5,559.04
2024-05-08T11:22:41.202Z,4133,Карандаш,4,749.24
2024-01-13T08:09:54.467Z,8806,Ластик,8,1699.68
2024-04-10T16:37:33.634Z,1949,Степлер,1,330.02
2024-05-08T01:22:38.376Z,8239,Ластик,2,1752.59
2024-03-06T12:17:52.954Z,168,Ластик,2,1150.83
2024-02-14T12:15:10.661Z,2801,Степлер,9,553.45
2024-05-05T06:52:53.597Z,864,Ластик,4,855.17
2024-04-14T04:26:06.082Z,8447,Ластик,9,1087.63
2024-03-19T07:44:52.790Z,5509,Бумага А4,8,1063.45
2024-02-04T12:19:04.052Z,508,Степлер,2,511.64
2024-05-24T12:35:20.325Z,2364,Рюкзак,6,1666.52
2024-06-13T13:53:48.347Z,2399,Дневник,4,662.88
2024-06-11T13:11:25.352Z,6130,Карандаш,3,1707.08
2024-02-09T01:05:54.744Z,446,Ластик,4,832.29
2024-04-05T06:36:40.802Z,2011,Рюкзак,10,743.56
2024-04-07T06:56:30.349Z,3456,Карандаш,7,1061.37
2024-04-01T02:40:55.577Z,7812,Ручка шариковая,2,1173.27
2024-06-09T06:27:23.967Z,9464,Бумага А4,7,1045.6
2024-04-27T23:42:59.468Z,1025,Ластик,6,1425.16
2024-02-28T03:26:43.476Z,4939,Бумага А4,2,1145.22
2024-03-17T11:43:39.779Z,2022,Бумага А4,2,1215.07
2024-05-18T10:23:44.779Z,9472,Ручка шариковая,8,1613.05
2024-01-23T21:34:38.620Z,2107,Дневник,4,871.63
2024-01-23T22:52:57.814Z,3381,Ручка шариковая,5,1005.34
2024-02-06T10:03:11.757Z,7409,Дневник,4,470.95
2024-03-18T07:13:46.611Z,9953,Ластик,7,291.84
2024-05-23T01:55:40.126Z,7886,Ластик,5,494.33
2024-02-05T02:24:03.377Z,4378,Дневник,3,1842.9
2024-01-09T14:14:36.507Z,8366,Ластик,7,1394.03
2024-05-21T22:56:07.141Z,5885,Степлер,9,406.63
2024-03-16T01:07:45.993Z,9760,Бумага А4,4,354.96
2024-03-20T22:39:59.649Z,2997,Ручка шариковая,10,472.57
2024-06-19T20:37:42.068Z,6655,Карандаш,1,281.42
2024-05-27T14:13:34.069Z,548,Ручка шариковая,2,1979.66
2024-04-01T08:38:25.537Z,3802,Ручка шариковая,8,1590.84
2024-01-25T17:40:51.741Z,4757,Степлер,3,1934.84
2024-03-30T05:49:59.318Z,214,Карандаш,9,1912.07
2024-05-15T09:36:46.711Z,9115,Ручка шариковая,6,1609.41
2024-04-23T08:44:27.151Z,1858,Карандаш,3,621.37
2024-07-11T09:26:07.192Z,1536,Бумага А4,9,61.64
2024-06-29T16:47:06.709Z,9489,Ластик,10,1488.17
2024-04-06T09:09:03.830Z,1392,Рюкзак,4,94.42
2024-02-15T10:43:27.291Z,5973,Карандаш,8,1010.3
2024-06-05T09:35:32.168Z,9279,Бумага А4,8,1747.09
2024-06-27T22:25:48.424Z,9457,Бумага А4,6,564.28
2024-06-10T12:08:51.234Z,1545,Степлер,9,97.39
2024-03-26T07:36:13.792Z,3692,Рюкзак,6,1716.06
2024-03-03T00:48:04.724Z,3802,Ручка шариковая,10,569.95
2024-05-31T00:30:31.102Z,9074,Степлер,4,1084.89
2024-07-05T04:35:22.198Z,7523,Ручка шариковая,4,610.18
2024-02-16T09:33:51.138Z,6775,Степлер,2,1955.97
2024-02-21T10:12:58.263Z,2585,Степлер,1,1439.07
2024-05-27T23:10:42.815Z,3771,Карандаш,1,706.42
2024-02-21T02:14:19.026Z,4231,Дневник,8,25.43
2024-01-24T18:46:15.927Z,8319,Степлер,10,1214.55
2024-03-16T20:02:12.656Z,1982,Ручка шариковая,8,638.51
2024-05-28T11:20:54.811Z,2085,Бумага А4,3,1425.06
2024-03-07T21:39:54.154Z,4432,Бумага А4,2,808.15
2024-05-12T15:07:16.187Z,1896,Дневник,8,981.73
2024-03-29T13:57:44.936Z,2049,Дневник,4,117.64
2024-01-12T13:51:22.341Z,4764,Дневник,10,822.42
2024-06-13T21:37:17.604Z,9569,Степлер,2,148.29
2024-02-15T12:16:25.634Z,7047,Бумага А4,8,853.29
2024-06-02T09:30:48.815Z,9144,Ручка шариковая,1,195.07
2024-04-06T04:05:58.515Z,2046,Ручка шариковая,5,642.74
2024-04-10T00:01:35.597Z,2540,Ручка шариковая,9,873.23
2024-06-04T19:25:12.057Z,5842,Рюкзак,7,614.63
2024-06-11T18:47:15.318Z,3297,Ластик,8,935.52
2024-05-26T18:32:06.675Z,7839,Дневник,3,711.19
2024-06-16T06:51:24.168Z,7649,Ластик,9,1855.0
2024-06-16T12:52:18.664Z,6376,Ручка шариковая,5,1363.56
2024-05-03T00:56:02.122Z,661,Ластик,1,877.3
2024-01-28T01:25:00.849Z,8617,Степлер,2,470.81
2024-05-25T18:28:12.044Z,8733,Степлер,7,1083.93
2024-05-20T05:39:26.465Z,2350,Дневник,7,1316.21
2024-07-04T06:32:19.455Z,8824,Бумага А4,9,1228.29
2024-01-16T22:50:24.677Z,9085,Карандаш,4,930.59
2024-07-05T01:01:41.599Z,5576,Бумага А4,4,1014.17
2024-02-08T21:27:00.937Z,4983,Ручка шариковая,3,1649.73
2024-01-03T04:43:58.113Z,6261,Карандаш,9,811.0
2024-03-12T22:17:37.847Z,8034,Рюкзак,4,951.4
2024-04-30T09:30:29.245Z,5642,Ластик,8,1139.8
2024-03-29T00:22:42.234Z,7478,Ластик,10,1833.1
2024-03-03T23:23:38.888Z,7367,Карандаш,1,1781.16
2024-03-26T03:59:37.695Z,2402,Карандаш,4,1747.75
2024-05-12T12:06:21.456Z,2833,Дневник,4,406.67
2024-05-24T01:01:16.171Z,2425,Степлер,5,515.41
2024-04-07T16:33:31.763Z,1121,Дневник,4,112.59
2024-03-18T08:40:27.471Z,2073,Ручка шариковая,2,1292.96
2024-01-07T15:24:33.776Z,1152,Карандаш,9,1588.66
2024-01-05T14:44:52.850Z,602,Ластик,8,1022.53
2024-06-29T13:47:43.922Z,387,Ручка шариковая,10,1754.35
2024-04-07T13:25:34.259Z,8144,Дневник,6,231.15
2024-02-24T06:38:23.964Z,1251,Карандаш,4,434.79
2024-01-18T21:18:26.719Z,104,Карандаш,3,1876.94
2024-05-11T01:19:04.887Z,3428,Дневник,8,427.7
2024-03-08T22:46:41.288Z,9572,Рюкзак,5,429.02
2024-01-06T09:44:27.973Z,3522,Карандаш,4,612.15
2024-02-14T07:13:42.034Z,1740,Карандаш,2,1519.13
2024-02-09T14:16:38.800Z,8545,Карандаш,1,852.2
2024-01-14T05:55:46.163Z,9468,Степлер,1,1148.14
2024-06-10T02:57:34.997Z,7593,Бумага А4,7,1833.56
2024-04-25T17:36:18.892Z,8053,Ластик,2,1459.19
2024-02-29T01:13:29.034Z,6218,Бумага А4,9,1146.14
2024-06-08T02:51:18.896Z,7920,Степлер,10,282.99
2024-01-18T00:44:40.610Z,5315,Ручка шариковая,1,1980.71
2024-05-04T20:45:23.796Z,8269,Рюкзак,5,1280.5
2024-06-07T01:51:15.070Z,8074,Бумага А4,9,610.65
2024-04-14T22:14:23.326Z,1903,Бумага А4,4,277.25
2024-02-29T18:09:56.747Z,5482,Бумага А4,10,1500.06
2024-05-27T19:02:59.079Z,8319,Ручка шариковая,5,1707.98
2024-05-25T01:39:31.430Z,4061,Дневник,6,1100.14
2024-02-17T23:24:04.678Z,3744,Степлер,6,1549.67
2024-01-07T14:42:28.099Z,2037,Степлер,6,579.65
2024-07-01T08:39:42.449Z,8107,Дневник,10,90.11
2024-03-26T21:38:34.532Z,671,Дневник,9,963.41
2024-06-20T02:21:26.931Z,6660,Ручка шариковая,2,1761.1
2024-02-07T00:36:13.052Z,9126,Карандаш,1,504.21
2024-04-17T22:46:35.974Z,8057,Карандаш,7,1688.91
2024-02-22T05:55:53.646Z,2191,Ручка шариковая,2,1525.03
2024-02-29T20:30:38.012Z,8241,Ластик,2,1727.62
2024-07-02T07:49:05.924Z,2477,Карандаш,6,513.92
2024-05-04T14:06:19.985Z,7487,Карандаш,10,1841.62
2024-02-18T01:35:29.078Z,8834,Степлер,1,189.33
2024-01-08T07:26:39.130Z,5215,Ручка шариковая,1,1812.93
2024-02-02T23:29:37.382Z,3941,Степлер,1,274.33
2024-06-21T22:03:12.620Z,3838,Степлер,7,1187.48
2024-06-19T23:01:34.189Z,5389,Степлер,9,550.38
2024-06-17T06:57:54.221Z,2782,Ручка шариковая,3,443.73
2024-04-15T09:16:32.088Z,2985,Ластик,8,485.43
2024-05-01T02:45:44.987Z,9176,Ластик,6,1540.92
2024-06-01T00:11:39.026Z,9159,Ручка шариковая,10,1047.17
2024-07-10T00:41:25.993Z,4314,Степлер,9,1340.61
2024-04-12T11:23:59.620Z,6159,Карандаш,7,1248.14
2024-04-27T16:38:40.883Z,689,Ластик,9,986.42
2024-03-08T09:56:46.803Z,1512,Дневник,2,43.72
2024-03-07T07:12:16.221Z,4033,Ручка шариковая,7,1490.43
2024-03-27T09:40:42.668Z,5854,Ластик,8,462.22
2024-01-04T13:19:05.432Z,5846,Карандаш,10,490.07
2024-01-05T19:04:18.419Z,540,Ластик,3,388.41
2024-04-04T23:28:33.621Z,4471,Степлер,1,61.04
2024-01-28T10:08:22.547Z,1751,Ручка шариковая,2,1745.04
2024-01-26T19:18:14.774Z,4038,Степлер,6,513.63
2024-06-05T07:16:06.410Z,2349,Карандаш,10,512.19
2024-07-05T05:17:21.251Z,7089,Степлер,10,448.17
2024-06-17T04:00:43.918Z,6260,Дневник,5,1492.43
2024-01-17T20:15:11.440Z,9070,Ластик,2,1438.29
2024-04-13T23:49:19.693Z,9824,Ластик,4,431.24
2024-03-01T21:23:09.078Z,3250,Карандаш,7,1031.86
2024-05-07T20:59:56.211Z,7027,Ластик,1,852.9
2024-07-05T02:22:27.173Z,3392,Карандаш,2,540.69
2024-04-08T14:46:50.416Z,6982,Дневник,10,1134.56
2024-01-12T16:36:43.258Z,763,Дневник,5,477.71
2024-05-04T15:44:14.358Z,7286,Ручка шариковая,1,963.73
2024-01-02T17:32:07.093Z,2758,Ластик,9,243.77
2024-02-29T14:42:36.165Z,4281,Ластик,1,873.34
2024-01-28T12:21:04.828Z,7354,Карандаш,7,818.86
2024-03-18T10:59:10.453Z,6436,Ластик,5,617.87
2024-01-22T04:34:20.320Z,424,Бумага А4,4,1828.4
2024-05-23T13:41:58.082Z,1352,Степлер,6,1380.37
2024-06-22T06:16:17.647Z,180,Ручка шариковая,1,1847.81
2024-06-18T05:37:42.327Z,1103,Ластик,8,135.28
2024-05-12T21:23:06.796Z,564,Бумага А4,3,1235.69
2024-02-06T11:45:49.593Z,4006,Бумага А4,8,936.0
2024-01-13T19:13:40.591Z,8730,Ластик,2,1784.86
2024-06-08T20:07:25.168Z,2477,Бумага А4,2,317.53
2024-04-20T06:44:42.108Z,6988,Рюкзак,8,1142.36
2024-02-06T02:12:15.250Z,8950,Степлер,5,1524.71
2024-05-28T11:34:58.957Z,3921,Бумага А4,3,369.62
2024-02-19T04:52:26.040Z,7986,Рюкзак,5,565.24
2024-05-10T16:51:56.336Z,3459,Ластик,5,1926.22
2024-07-03T02:30:08.402Z,2446,Дневник,8,769.0
2024-04-24T04:32:15.016Z,1292,Карандаш,6,1275.78
2024-03-19T23:33:07.509Z,9724,Бумага А4,5,1647.12
2024-07-11T22:13:17.605Z,6871,Ластик,3,653.73
2024-04-30T01:15:13.120Z,84,Рюкзак,7,917.37
2024-04-29T12:23:46.281Z,6612,Рюкзак,10,370.73
2024-04-13T04:14:29.744Z,17,Ручка шариковая,1,1793.1
2024-01-10T01:01:40.186Z,9321,Степлер,10,242.64
2024-06-22T09:20:21.771Z,9991,Карандаш,8,1965.94
2024-05-06T23:25:31.643Z,7470,Дневник,9,171.11
2024-03-09T03:25:04.441Z,5504,Ластик,2,97.47
2024-04-04T03:28:54.988Z,973,Степлер,9,1846.31
2024-06-12T05:01:45.024Z,2152,Ластик,7,415.64
2024-04-19T02:11:34.664Z,9302,Степлер,7,1316.61
2024-06-14T12:06:05.057Z,9070,Рюкзак,9,276.66
2024-07-11T09:36:32.749Z,6954,Ластик,10,353.39
2024-03-21T01:05:55.487Z,5664,Ластик,10,1968.58
2024-07-03T05:36:30.969Z,3516,Ластик,9,920.35
2024-05-03T11:54:48.576Z,5085,Карандаш,9,1165.18
2024-04-19T08:13:11.705Z,5764,Карандаш,6,810.16
2024-02-05T05:43:04.577Z,7521,Степлер,10,565.81
2024-04-25T07:15:15.083Z,2853,Рюкзак,4,1081.22
2024-05-07T03:57:19.699Z,3852,Бумага А4,6,1704.22
2024-06-05T20:25:34.545Z,7153,Степлер,9,615.31
2024-04-27T16:05:06.153Z,1807,Бумага А4,5,571.85
2024-02-04T21:30:57.075Z,8509,Степлер,6,735.42
2024-04-18T02:09:40.356Z,1520,Карандаш,8,1355.39
2024-05-29T11:20:39.384Z,9978,Рюкзак,2,638.6
2024-01-09T02:39:03.676Z,2027,Степлер,10,1491.77
2024-06-29T09:30:47.639Z,52,Карандаш,5,529.16
2024-03-14T00:56:58.904Z,9565,Карандаш,9,598.35
2024-03-26T01:51:18.856Z,4082,Ластик,8,686.66
2024-05-15T08:06:17.083Z,1723,Карандаш,6,1513.75
2024-02-28T03:54:28.889Z,7565,Карандаш,10,1496.33
2024-07-02T10:16:47.903Z,9162,Ластик,2,1745.73
2024-02-11T14:43:08.156Z,5108,Ластик,4,1175.75
2024-01-23T16:42:09.707Z,9849,Дневник,9,1599.9
2024-04-22T18:59:53.485Z,1756,Ручка шариковая,5,1070.66
2024-05-29T02:28:53.911Z,6252,Степлер,8,1743.24
2024-05-19T15:00:18.183Z,3812,Ручка шариковая,4,1699.92
2024-07-12T00:48:39.371Z,6113,Ручка шариковая,9,247.27
2024-01-15T12:02:35.359Z,4948,Ручка шариковая,2,586.64
2024-01-01T18:56:26.464Z,211,Дневник,6,483.37
2024-06-04T13:57:36.635Z,8731,Дневник,4,803.71
2024-04-21T02:40:24.344Z,1747,Карандаш,1,1491.44
2024-07-08T18:20:12.360Z,4179,Карандаш,8,612.93
2024-03-30T17:22:25.865Z,4246,Ластик,4,876.61
2024-01-08T15:35:06.593Z,4389,Ручка шариковая,2,1824.42
2024-01-18T03:59:22.001Z,9111,Ручка шариковая,2,982.41
2024-02-11T10:21:16.463Z,835,Степлер,4,1447.61
2024-04-07T11:52:33.280Z,1820,Ластик,9,1138.27
2024-03-22T04:27:51.773Z,1955,Дневник,4,102.99
2024-06-30T16:44:44.261Z,9520,Бумага А4,7,157.77
2024-03-06T15:58:37.083Z,5227,Дневник,7,606.46
2024-05-26T10:53:10.838Z,5532,Рюкзак,5,948.16
2024-05-03T08:30:05.464Z,6130,Карандаш,4,1800.16
2024-02-05T16:36:54.597Z,3110,Рюкзак,3,543.43
2024-04-28T09:27:26.840Z,5675,Ластик,10,1495.78
2024-06-23T12:43:14.289Z,8188,Ручка шариковая,9,405.83
2024-02-26T18:46:10.686Z,8249,Степлер,4,139.04
2024-06-11T16:10:32.040Z,5319,Ластик,10,148.79
2024-04-21T19:39:10.116Z,5926,Дневник,4,101.22
2024-02-27T01:54:23.359Z,7262,Бумага А4,6,475.09
2024-03-17T16:05:01.806Z,2786,Степлер,6,57.03
2024-02-01T05:47:44.197Z,7362,Дневник,5,844.27
2024-04-30T11:27:34.732Z,6183,Карандаш,6,358.86
2024-01-04T03:27:33.414Z,8290,Дневник,3,901.44
2024-06-04T18:30:47.010Z,4906,Карандаш,10,1086.39
2024-01-03T06:14:09.077Z,9429,Дневник,7,1048.01
2024-03-18T23:39:25.147Z,1808,Рюкзак,8,647.32
2024-04-29T23:39:55.095Z,3571,Степлер,3,1863.04
2024-06-10T23:34:48.967Z,2973,Бумага А4,10,155.91
2024-04-23T22:39:29.022Z,5434,Дневник,3,249.13
2024-04-07T15:00:52.980Z,1611,Степлер,8,966.48
2024-05-04T00:23:39.989Z,351,Ластик,3,1110.6
2024-03-24T22:33:15.997Z,3232,Рюкзак,4,181.33
2024-05-24T22:40:12.173Z,9504,Рюкзак,4,790.82
2024-03-22T14:12:42.609Z,1151,Рюкзак,9,682.54
2024-05-18T03:02:23.599Z,2104,Дневник,9,1418.79
2024-04-04T05:19:20.925Z,3914,Дневник,6,221.74
2024-06-05T21:35:42.401Z,7990,Ластик,5,1324.19
2024-05-26T20:06:33.022Z,7707,Степлер,8,716.03
2024-06-11T09:49:30.875Z,737,Бумага А4,8,1682.19
2024-04-30T23:02:16.105Z,8098,Дневник,8,700.64
2024-01-07T04:56:02.082Z,3333,Карандаш,9,574.93
2024-05-02T07:23:15.307Z,320,Бумага А4,8,248.81
2024-04-18T20:24:57.829Z,6734,Ластик,7,415.01
2024-03-29T13:33:45.259Z,1070,Карандаш,10,27.79
2024-02-11T05:13:54.426Z,2582,Дневник,8,1688.47
2024-02-19T18:08:59.346Z,1342,Бумага А4,7,1287.53
2024-02-16T20:40:52.965Z,4762,Дневник,2,223.61
2024-03-10T04:19:51.937Z,779,Дневник,4,1863.66
2024-05-06T12:52:42.020Z,1537,Ручка шариковая,9,184.89
2024-04-04T13:50:50.012Z,9087,Карандаш,10,319.37
2024-07-01T11:37:07.958Z,3296,Ручка шариковая,6,183.77
2024-04-26T05:10:32.915Z,8731,Бумага А4,8,1666.65
2024-03-13T04:16:12.496Z,9974,Ручка шариковая,2,1613.08
2024-05-14T16:40:09.353Z,9194,Карандаш,2,36.08
2024-01-09T05:25:51.415Z,1000,Степлер,3,946.81
2024-03-22T11:02:29.155Z,205,Карандаш,5,153.91
2024-01-09T13:51:01.010Z,6772,Бумага А4,4,1640.77
2024-07-01T03:12:29.929Z,7432,Степлер,7,1441.92
2024-05-15T04:51:05.816Z,3578,Карандаш,5,1249.2
2024-02-11T18:42:18.149Z,3121,Ластик,3,306.72
2024-05-16T19:31:23.639Z,4195,Карандаш,1,468.37
2024-04-20T09:50:23.100Z,7706,Карандаш,5,314.85
2024-03-10T03:39:11.219Z,7730,Ластик,7,1843.18
2024-04-11T22:35:21.942Z,100,Дневник,3,1723.6
2024-03-02T22:17:55.827Z,1245,Степлер,7,980.73
2024-05-02T18:19:30.199Z,2819,Рюкзак,5,501.44
2024-06-15T18:10:23.351Z,7283,Ручка шариковая,7,999.57
2024-06-14T02:20:14.430Z,6141,Степлер,2,1039.62
2024-04-28T02:28:16.515Z,2480,Рюкзак,6,636.21
2024-07-04T16:33:46.929Z,6684,Ластик,4,800.45
2024-01-06T11:04:00.179Z,8847,Дневник,5,742.12
2024-04-24T06:33:27.540Z,5399,Ластик,6,1964.43
2024-05-06T20:31:35.364Z,661,Карандаш,5,1586.8
2024-07-08T22:02:07.900Z,1086,Бумага А4,1,1006.57
2024-01-25T00:13:20.887Z,8240,Ластик,6,1820.37
2024-04-17T18:12:15.996Z,554,Рюкзак,1,372.74
2024-02-02T10:40:06.237Z,514,Дневник,2,1666.54
2024-05-20T09:01:09.194Z,9132,Ластик,6,549.96
2024-02-08T05:49:04.717Z,3686,Степлер,4,281.83
2024-03-14T21:07:25.651Z,1235,Рюкзак,10,1176.95
2024-04-14T10:20:16.131Z,2392,Ластик,2,1602.43
2024-05-06T17:06:52.341Z,543,Дневник,4,1754.92
2024-05-10T10:02:52.947Z,9659,Дневник,9,232.62
2024-07-02T10:27:15.236Z,6603,Ручка шариковая,3,366.24
2024-07-03T14:33:55.318Z,4751,Бумага А4,10,1176.6
2024-01-12T15:43:51.550Z,564,Ручка шариковая,7,590.37
2024-01-31T03:40:38.649Z,4754,Рюкзак,3,596.19
2024-05-04T19:37:23.627Z,820,Ластик,5,755.52
2024-04-03T12:15:50.899Z,845,Степлер,5,1536.5
2024-04-03T22:24:41.955Z,6264,Ластик,4,488.0
2024-03-01T11:00:29.028Z,7256,Рюкзак,10,759.33
2024-04-21T19:11:23.092Z,8731,Ручка шариковая,8,1992.32
2024-06-28T05:16:15.485Z,9201,Карандаш,1,1726.22
2024-01-04T21:19:42.862Z,602,Ручка шариковая,1,1437.61
2024-03-08T03:58:08.131Z,3999,Бумага А4,6,991.43
2024-01-08T12:15:29.943Z,2894,Карандаш,3,528.05
2024-01-15T02:18:19.296Z,3426,Рюкзак,5,376.44
2024-03-27T06:06:09.270Z,3695,Ластик,4,1429.26
2024-01-05T16:37:38.393Z,249,Карандаш,10,131.44
2024-06-05T01:19:22.622Z,7392,Карандаш,9,1394.14
2024-06-19T07:53:31.554Z,7652,Ластик,9,1445.34
2024-05-17T19:41:18.633Z,6808,Дневник,1,612.34
2024-02-03T09:46:02.818Z,9811,Рюкзак,5,1472.57
2024-05-28T01:01:30.542Z,1223,Бумага А4,1,642.23
2024-01-22T01:46:56.929Z,7155,Дневник,5,1135.13
2024-06-09T17:10:52.332Z,9133,Степлер,7,1627.09
2024-01-02T14:54:31.418Z,3454,Бумага А4,7,164.97
2024-05-15T08:02:39.428Z,3995,Дневник,9,1167.03
2024-02-21T13:01:08.121Z,4278,Степлер,7,334.27
2024-06-13T12:59:46.318Z,3277,Рюкзак,2,592.33
2024-07-08T13:49:02.276Z,6803,Рюкзак,10,242.44
2024-04-28T04:53:31.778Z,7626,Карандаш,8,1795.72
2024-05-26T05:56:45.583Z,1330,Дневник,8,1570.12
2024-04-21T07:56:07.267Z,9306,Степлер,1,285.57
2024-01-27T21:12:57.712Z,6507,Бумага А4,4,1702.51
2024-01-20T23:23:22.417Z,4328,Ручка шариковая,8,1381.32
2024-05-19T14:53:16.419Z,3083,Ручка шариковая,5,972.42
2024-03-23T11:50:38.968Z,4227,Карандаш,8,1237.52
2024-06-09T17:03:53.258Z,3906,Степлер,10,1625.43
2024-03-03T04:43:33.349Z,9266,Степлер,8,1193.44
2024-02-11T05:28:40.938Z,9838,Ластик,3,1266.77
2024-04-01T02:23:19.221Z,8055,Карандаш,7,1721.11
2024-06-27T08:09:37.160Z,9814,Бумага А4,6,1473.5
2024-01-20T05:29:57.679Z,8813,Ручка шариковая,1,479.11
2024-04-03T08:14:01.471Z,3928,Рюкзак,4,919.94
2024-02-14T07:46:15.083Z,2031,Рюкзак,1,1819.41
2024-07-07T02:43:12.571Z,925,Карандаш,8,1430.03
2024-03-20T11:20:51.241Z,9393,Карандаш,1,1896.11
2024-06-30T06:16:44.568Z,9070,Рюкзак,6,1625.42
2024-03-07T12:56:04.770Z,1695,Дневник,6,688.81
2024-05-20T01:52:08.441Z,9460,Ластик,6,1250.13
2024-02-28T17:47:57.012Z,6102,Ручка шариковая,7,1001.91
2024-04-01T10:50:45.856Z,1114,Степлер,6,924.49
2024-07-11T19:54:44.462Z,568,Дневник,10,491.05
2024-06-11T05:14:42.829Z,8526,Дневник,7,755.7
2024-05-23T15:57:58.526Z,3074,Степлер,2,1982.35
2024-06-16T07:35:52.902Z,3980,Степлер,7,1876.48
2024-04-04T14:24:13.803Z,2076,Степлер,10,325.33
2024-01-24T08:38:41.887Z,2159,Бумага А4,9,1413.78
2024-04-26T18:37:37.526Z,4311,Степлер,8,920.08
2024-06-14T01:24:53.672Z,2982,Ластик,6,552.33
2024-02-28T00:14:53.917Z,3228,Бумага А4,6,1858.26
2024-04-15T20:38:07.829Z,2391,Карандаш,9,126.38
2024-05-18T08:32:59.260Z,1652,Бумага А4,4,987.19
2024-02-11T06:16:53.174Z,4159,Ластик,10,1185.16
2024-03-09T13:52:55.643Z,575,Ручка шариковая,4,1682.74
2024-02-15T14:44:06.209Z,4703,Рюкзак,4,375.89
2024-06-09T01:31:14.208Z,2928,Ластик,2,232.11
2024-05-12T10:37:29.422Z,1702,Ластик,8,1854.81
2024-02-16T16:56:13.706Z,6446,Степлер,7,336.13
2024-03-27T20:52:53.964Z,3860,Ручка шариковая,5,1471.7
2024-03-12T07:46:32.540Z,6124,Дневник,6,1436.99
2024-05-26T07:05:27.115Z,2771,Рюкзак,3,143.6
2024-02-14T21:18:40.296Z,4569,Рюкзак,8,1197.44
2024-04-12T12:32:22.785Z,8486,Карандаш,1,1056.15
2024-05-29T11:01:26.590Z,1292,Ластик,10,1422.81
2024-03-02T02:19:04.801Z,6033,Рюкзак,5,1731.0
2024-03-30T23:33:33.468Z,52,Дневник,6,1565.63
2024-01-27T03:56:09.110Z,6711,Ластик,6,172.64
2024-02-20T14:35:27.513Z,7846,Ручка шариковая,1,1852.6
2024-03-28T03:48:30.073Z,6067,Рюкзак,1,850.5
2024-06-13T16:56:27.064Z,612,Карандаш,2,1364.19
2024-03-12T07:18:47.964Z,8238,Дневник,6,369.67
2024-07-02T07:05:06.037Z,7316,Ластик,3,1778.3
2024-04-08T01:13:54.255Z,3329,Дневник,10,1415.63
2024-01-09T22:56:13.746Z,4468,Степлер,9,1317.65
2024-04-13T21:31:44.016Z,9959,Карандаш,10,1780.01
2024-03-27T01:17:56.375Z,2705,Ластик,5,578.41
2024-02-18T00:34:40.637Z,2165,Ручка шариковая,3,1701.09
2024-01-15T05:53:34.315Z,885,Рюкзак,2,425.59
2024-01-29T20:50:54.372Z,6105,Рюкзак,2,1263.31
2024-06-15T08:56:25.146Z,6151,Ластик,8,1155.81
2024-06-13T07:44:52.020Z,5980,Рюкзак,6,223.17
2024-04-08T11:54:33.838Z,6757,Ручка шариковая,7,183.79
2024-05-06T21:51:56.593Z,2214,Ластик,10,55.13
2024-05-08T03:45:28.928Z,3284,Ластик,7,1652.13
2024-02-16T01:50:29.528Z,4039,Дневник,6,1482.43
2024-06-24T20:50:57.441Z,2464,Степлер,7,1945.11
2024-03-04T23:44:22.660Z,2549,Бумага А4,8,1819.17
2024-01-24T17:48:18.591Z,9678,Дневник,10,1522.14
2024-05-15T04:24:08.017Z,2164,Дневник,7,551.62
2024-03-19T16:07:26.907Z,274,Карандаш,5,1220.04
2024-04-23T06:29:21.850Z,8022,Ручка шариковая,7,144.35
2024-02-19T08:11:13.665Z,1875,Бумага А4,6,983.35
2024-07-03T17:01:25.468Z,8004,Карандаш,3,791.28
2024-04-29T19:59:20.571Z,4222,Ластик,2,1699.83
2024-01-19T15:17:51.186Z,2870,Карандаш,2,1855.33
2024-01-05T20:25:21.258Z,3830,Бумага А4,8,1778.08
2024-06-28T06:46:37.821Z,6619,Рюкзак,8,68.73
2024-01-07T21:16:03.201Z,1764,Бумага А4,3,138.48
2024-05-20T20:44:41.663Z,1411,Дневник,6,1675.29
2024-02-24T21:39:08.335Z,6175,Карандаш,5,1798.51
2024-02-24T06:04:27.491Z,3589,Рюкзак,7,561.94
2024-05-10T01:39:25.985Z,8448,Рюкзак,6,1703.23
2024-05-06T06:15:57.058Z,5343,Дневник,6,633.45
2024-01-08T06:42:20.699Z,6008,Бумага А4,6,1183.04
2024-03-25T12:43:46.686Z,1379,Ручка шариковая,4,1135.12
2024-03-27T14:18:16.095Z,2147,Степлер,9,1289.63
2024-02-19T17:12:46.268Z,6924,Дневник,7,1844.71
2024-06-15T10:53:58.794Z,4961,Карандаш,2,1641.57
2024-01-06T13:48:43.039Z,3887,Рюкзак,9,678.43
2024-03-30T17:53:33.877Z,603,Карандаш,7,1141.79
2024-06-11T20:06:31.663Z,5244,Рюкзак,1,212.03
2024-02-15T21:40:07.473Z,6087,Ластик,6,1582.07
2024-03-06T11:21:07.404Z,2465,Рюкзак,6,307.47
2024-02-19T08:31:42.220Z,1942,Дневник,5,1238.08
2024-01-29T07:57:20.844Z,6607,Ластик,1,368.56
2024-07-07T02:30:30.165Z,2263,Ластик,7,42.53
2024-04-06T04:32:30.460Z,4109,Степлер,8,504.68
2024-06-21T20:51:38.465Z,9049,Дневник,3,1276.18
2024-04-10T18:49:07.322Z,1315,Ручка шариковая,5,822.6
2024-03-28T00:46:40.551Z,8175,Рюкзак,3,305.65
2024-02-28T21:36:34.983Z,8782,Рюкзак,2,1910.74
2024-04-02T03:50:23.080Z,8325,Карандаш,5,436.35
2024-02-08T01:22:24.439Z,8734,Бумага А4,3,1993.45
2024-04-08T23:09:32.139Z,5796,Степлер,9,1922.87
2024-05-02T06:23:41.885Z,7609,Степлер,5,500.22
2024-05-27T10:51:24.102Z,5751,Рюкзак,4,776.37
2024-03-30T00:01:03.963Z,7913,Степлер,8,1443.11
2024-03-20T11:43:24.170Z,5866,Ручка шариковая,7,850.46
2024-03-04T23:14:52.239Z,6100,Ручка шариковая,6,1900.62
2024-01-09T19:22:38.016Z,4476,Бумага А4,7,410.91
2024-03-08T11:59:46.504Z,6888,Степлер,1,1923.79
2024-05-13T11:47:11.523Z,4126,Рюкзак,9,1073.6
2024-01-02T10:02:53.723Z,9658,Степлер,2,628.59
2024-04-29T22:24:39.013Z,3747,Рюкзак,5,688.81
2024-05-06T21:35:25.726Z,222,Бумага А4,1,1706.42
2024-06-24T05:27:50.219Z,5210,Дневник,4,1379.17
2024-04-25T20:41:59.981Z,4175,Дневник,6,13.85
2024-06-23T08:40:48.484Z,9114,Карандаш,5,42.91
2024-04-07T05:52:09.630Z,728,Степлер,1,559.57
2024-03-17T00:30:45.484Z,4486,Карандаш,5,243.95
2024-04-12T22:10:39.878Z,3070,Дневник,1,1408.42
2024-03-29T08:43:52.931Z,4491,Дневник,8,584.49
2024-03-09T15:34:41.725Z,1705,Ластик,5,1269.0
2024-02-29T15:48:38.276Z,7354,Карандаш,8,278.17
2024-01-02T20:20:52.483Z,844,Степлер,8,43.87
2024-06-05T23:32:56.276Z,7297,Карандаш,10,316.51
2024-01-02T07:58:42.280Z,6190,Рюкзак,8,530.46
2024-04-01T12:01:57.570Z,1843,Рюкзак,8,1059.09
2024-07-10T16:06:04.654Z,492,Ластик,1,895.3
2024-02-21T18:12:55.843Z,201,Степлер,3,762.28
2024-01-24T08:19:09.894Z,9834,Ластик,5,251.16
2024-07-07T04:28:34.791Z,1978,Бумага А4,4,1072.2
2024-04-11T11:28:35.695Z,6150,Ластик,4,399.66
2024-05-22T00:00:59.678Z,811,Степлер,3,132.74
2024-05-20T22:07:23.384Z,9794,Дневник,7,1825.15
2024-04-07T12:03:37.357Z,8317,Дневник,2,1187.38
2024-03-04T19:44:55.619Z,4814,Ластик,1,685.96
2024-05-02T14:55:34.824Z,8009,Карандаш,2,587.91
2024-04-08T21:21:57.477Z,1398,Ластик,9,802.34
2024-06-24T20:56:28.071Z,7567,Рюкзак,4,145.71
2024-03-17T23:25:21.487Z,3137,Ручка шариковая,5,1114.2
2024-01-18T08:46:16.782Z,7737,Бумага А4,9,154.15
2024-06-24T22:13:12.084Z,5168,Ластик,6,1863.12
2024-05-02T01:21:36.619Z,9458,Ластик,6,1216.81
2024-06-03T19:24:51.408Z,4878,Карандаш,1,1533.97
2024-04-21T03:04:33.820Z,973,Дневник,10,1477.63
2024-06-23T11:29:28.403Z,11,Рюкзак,1,1561.08
2024-05-28T22:38:03.104Z,4224,Рюкзак,3,414.97
2024-06-14T05:04:49.619Z,7865,Дневник,1,1151.13
2024-04-15T18:53:11.454Z,9134,Ластик,4,1179.19
2024-07-01T14:58:58.160Z,826,Степлер,6,1305.07
2024-02-07T15:46:48.437Z,5720,Дневник,4,253.75
2024-01-24T11:47:34.926Z,7908,Дневник,3,872.18
2024-04-07T16:02:52.385Z,2694,Дневник,6,1387.63
2024-06-26T08:00:25.583Z,5156,Карандаш,2,1755.19
2024-05-07T09:01:42.816Z,1931,Карандаш,7,591.95
2024-01-11T22:06:40.523Z,9048,Степлер,6,1631.09
2024-01-06T07:55:33.968Z,8203,Степлер,7,1581.66
2024-06-13T21:16:51.625Z,294,Рюкзак,10,1090.39
2024-06-29T03:54:19.050Z,8541,Ручка шариковая,2,1113.95
2024-04-21T11:02:15.208Z,2761,Ручка шариковая,8,326.32
2024-07-10T19:11:21.099Z,9511,Дневник,8,361.41
2024-02-01T15:09:21.797Z,2367,Бумага А4,3,227.86
2024-01-04T01:29:37.757Z,8269,Степлер,2,598.21
2024-01-19T00:46:29.805Z,9555,Ластик,1,1369.24
2024-02-13T01:31:04.351Z,1012,Ластик,8,1196.02
2024-02-26T20:22:36.719Z,4563,Бумага А4,7,1599.17
2024-03-01T04:40:23.084Z,5488,Дневник,8,1651.63
2024-07-10T10:28:27.797Z,5398,Карандаш,2,172.1
2024-02-13T10:50:55.557Z,9204,Дневник,8,1887.03
2024-05-13T13:20:47.250Z,9578,Степлер,8,860.56
2024-03-21T15:55:52.461Z,9724,Степлер,6,1841.14
2024-05-30T01:04:04.597Z,9927,Рюкзак,8,1330.03
2024-04-05T12:05:55.963Z,7850,Ластик,4,1913.27
2024-03-02T18:50:13.001Z,2943,Дневник,2,1018.86
2024-05-18T09:46:14.362Z,3808,Бумага А4,9,699.7
2024-02-06T17:22:33.182Z,481,Ластик,10,48.35
2024-01-25T01:54:46.053Z,6694,Ручка шариковая,5,611.9
2024-02-14T17:15:13.699Z,461,Ластик,1,59.45
2024-05-19T00:12:48.447Z,3796,Ручка шариковая,9,1882.11
2024-01-24T18:12:19.659Z,7055,Рюкзак,10,225.82
2024-06-24T09:36:42.101Z,2978,Дневник,10,1311.03
2024-01-03T13:18:50.740Z,1879,Степлер,6,1369.21
2024-06-17T18:42:35.296Z,7644,Ручка шариковая,4,679.44
2024-05-27T10:16:11.306Z,48,Дневник,5,645.46
2024-06-30T18:00:39.226Z,4406,Карандаш,7,965.11
2024-01-30T14:11:19.342Z,4446,Карандаш,9,59.65
2024-03-09T02:02:00.252Z,1975,Степлер,7,1657.12
2024-01-03T01:33:34.049Z,2369,Дневник,8,1339.75
2024-06-30T01:41:25.905Z,6845,Степлер,8,702.15
2024-02-27T02:20:24.834Z,6608,Степлер,7,72.83
2024-04-18T03:07:06.600Z,5356,Бумага А4,10,761.43
2024-04-12T12:50:44.669Z,7664,Карандаш,3,732.96
2024-07-07T10:22:46.586Z,2657,Дневник,1,606.51
2024-04-02T15:55:16.877Z,6491,Дневник,10,1075.46
2024-03-09T09:46:33.134Z,7301,Бумага А4,7,664.06
2024-06-08T20:00:50.484Z,7781,Ластик,9,49.13
2024-04-19T01:59:19.027Z,4259,Дневник,2,1724.63
2024-05-05T13:05:26.625Z,6087,Дневник,8,505.45
2024-01-19T22:22:53.512Z,4442,Ластик,4,1429.64
2024-04-13T23:13:20.747Z,5391,Дневник,4,1524.62
2024-06-09T22:32:59.017Z,8305,Ручка шариковая,8,163.04
2024-04-16T09:38:24.829Z,3246,Дневник,9,507.64
2024-05-21T23:13:20.634Z,4369,Степлер,6,1572.11
2024-05-05T17:28:44.095Z,589,Ручка шариковая,2,671.92
2024-07-01T02:04:17.704Z,560,Ручка шариковая,6,996.75
2024-05-31T00:07:08.269Z,2549,Рюкзак,1,801.53
2024-04-19T08:57:45.138Z,8630,Дневник,7,1147.01
2024-01-26T10:08:25.444Z,6728,Дневник,5,1791.34
2024-02-25T15:33:52.065Z,2709,Бумага А4,2,1204.47
2024-01-05T11:24:31.518Z,6711,Дневник,2,512.96
2024-07-09T09:31:17.867Z,3891,Рюкзак,4,900.83
2024-04-28T20:44:15.526Z,764,Рюкзак,7,1749.63
2024-01-21T06:30:23.345Z,7757,Ручка шариковая,5,329.09
2024-07-02T13:30:51.365Z,4679,Степлер,5,1826.03
2024-05-14T14:26:52.914Z,8984,Ластик,7,1700.35
2024-01-09T10:52:53.621Z,1655,Ластик,3,1195.23
2024-06-03T05:10:58.055Z,1178,Ручка шариковая,5,685.8
2024-04-12T14:36:27.161Z,6801,Ручка шариковая,10,85.32
2024-01-31T12:39:32.189Z,7639,Ручка шариковая,7,244.72
2024-02-12T07:17:48.580Z,6632,Бумага А4,6,1195.92
2024-03-18T18:43:44.083Z,7042,Карандаш,1,1578.58
2024-01-10T06:35:04.016Z,8418,Рюкзак,8,1006.65
2024-05-03T08:54:49.817Z,5852,Ручка шариковая,7,1461.51
2024-02-04T00:47:01.439Z,7683,Карандаш,8,1853.54
2024-05-08T16:10:56.251Z,8794,Дневник,8,1918.86
2024-03-15T13:44:12.118Z,6016,Ручка шариковая,3,1130.03
2024-04-03T05:37:00.132Z,2052,Ластик,9,1585.22
2024-01-24T22:17:09.448Z,5803,Рюкзак,7,1892.78
2024-01-12T16:58:09.428Z,3488,Дневник,10,434.6
2024-06-08T10:22:54.950Z,2480,Степлер,7,991.9
2024-01-28T21:14:24.367Z,2177,Ластик,9,1841.95
2024-03-02T22:11:52.128Z,7659,Ручка шариковая,4,1710.02
2024-04-21T10:52:07.923Z,5378,Карандаш,3,1764.67
2024-06-12T06:19:19.519Z,6685,Бумага А4,5,771.49
2024-03-15T16:19:18.402Z,8968,Ручка шариковая,5,1840.4
2024-06-11T18:21:19.445Z,5421,Ручка шариковая,1,173.2
2024-02-08T20:50:51.155Z,6317,Бумага А4,10,1961.28
2024-06-07T19:57:06.314Z,7941,Ластик,9,1546.61
2024-03-29T22:33:06.127Z,3746,Ручка шариковая,5,879.3
2024-02-21T22:29:26.180Z,4616,Рюкзак,3,660.84
2024-04-05T06:25:09.099Z,3036,Дневник,5,445.26
2024-04-22T21:51:37.647Z,9621,Карандаш,6,1951.12
2024-03-15T21:30:08.009Z,425,Степлер,9,1436.58
2024-03-26T19:23:51.633Z,1467,Бумага А4,2,1954.82
2024-02-05T10:47:21.329Z,8366,Рюкзак,5,126.57
2024-06-19T04:15:44.392Z,6222,Дневник,2,1257.11
2024-02-24T06:04:24.564Z,4517,Ластик,7,700.02
2024-05-07T04:39:40.801Z,3218,Рюкзак,5,768.71
2024-01-11T21:10:38.514Z,1196,Бумага А4,10,1544.35
2024-05-23T08:29:37.367Z,5509,Ручка шариковая,7,400.95
2024-02-04T22:29:07.189Z,1987,Степлер,6,60.38
2024-01-10T16:00:55.122Z,7820,Бумага А4,10,222.44
2024-02-15T14:53:48.479Z,2942,Ластик,10,1391.39
2024-04-03T01:03:07.907Z,237,Дневник,7,1849.5
2024-05-30T22:29:49.381Z,7243,Ластик,2,157.82
2024-03-01T13:32:37.338Z,4163,Бумага А4,10,631.39
2024-01-20T23:05:32.232Z,8849,Карандаш,10,1218.48
2024-06-16T00:57:17.014Z,2406,Рюкзак,7,458.64
2024-04-13T16:24:50.663Z,2850,Степлер,4,1256.96
2024-02-17T23:52:45.077Z,6781,Рюкзак,2,415.96
2024-04-15T22:16:21.279Z,8566,Бумага А4,10,961.6
2024-02-27T04:42:47.181Z,1843,Ластик,6,27.41
2024-02-15T10:13:55.773Z,1734,Ручка шариковая,7,1611.59
2024-03-10T12:23:39.992Z,8158,Рюкзак,6,274.33
2024-01-03T11:19:39.107Z,137,Ручка шариковая,7,1631.64
2024-03-04T17:49:53.793Z,53,Степлер,5,1732.43
2024-04-17T01:01:29.600Z,1966,Степлер,2,297.31
2024-01-28T14:48:33.158Z,8685,Ручка шариковая,3,1771.31
2024-03-28T19:38:11.971Z,336,Степлер,10,996.87
2024-06-01T18:59:34.574Z,9487,Степлер,7,1153.88
2024-01-25T21:10:50.120Z,8955,Дневник,9,1383.03
2024-02-08T19:25:29.792Z,9017,Ластик,1,1324.56
2024-05-10T23:29:39.668Z,9997,Бумага А4,1,234.66
2024-03-06T05:47:29.317Z,1491,Ручка шариковая,4,592.85
2024-04-07T11:15:05.096Z,1721,Ластик,3,1177.35
2024-06-30T22:46:18.553Z,4840,Степлер,1,1513.08
2024-01-25T19:32:00.854Z,1635,Карандаш,5,291.42
2024-04-05T16:22:26.636Z,1763,Степлер,10,1532.15
2024-04-16T18:22:23.133Z,6015,Карандаш,1,1178.79
2024-04-17T19:15:12.087Z,4022,Дневник,4,885.72
2024-05-09T20:12:45.000Z,6528,Дневник,5,59.2
2024-06-09T08:28:59.423Z,6930,Дневник,5,811.5
2024-06-23T05:34:05.133Z,2553,Дневник,1,947.85
2024-03-09T16:29:59.745Z,2763,Степлер,10,551.19
2024-01-16T14:57:36.917Z,5101,Дневник,2,324.24
2024-03-20T13:46:41.138Z,1513,Рюкзак,8,219.61
2024-02-27T22:55:44.368Z,9637,Степлер,6,1214.04
2024-04-02T02:27:37.183Z,2531,Бумага А4,7,877.34
2024-04-13T01:50:04.732Z,1241,Ластик,9,1829.22
2024-03-24T20:53:54.811Z,6203,Карандаш,6,551.79
2024-05-29T16:10:11.356Z,7750,Дневник,8,1390.34
2024-01-07T01:41:02.308Z,6011,Ручка шариковая,3,285.27
2024-03-30T09:08:04.302Z,4043,Ручка шариковая,7,1112.42
2024-03-05T23:46:37.682Z,7820,Ластик,10,849.05
2024-01-06T20:58:18.295Z,2333,Дневник,4,1791.01
2024-06-24T23:59:16.668Z,4326,Ручка шариковая,3,1372.41
2024-03-20T09:56:04.016Z,1825,Бумага А4,1,394.26
2024-05-09T15:40:32.524Z,531,Степлер,2,872.45
2024-01-20T07:30:36.905Z,526,Бумага А4,9,289.78
2024-03-19T07:14:21.497Z,93,Ластик,8,945.87
2024-04-06T09:32:50.365Z,6848,Дневник,6,1050.72
2024-04-04T02:28:25.941Z,5965,Бумага А4,6,632.24
2024-04-10T14:33:22.714Z,1488,Карандаш,3,872.6
2024-04-25T19:48:12.593Z,2125,Ластик,9,168.52
2024-01-31T13:47:11.719Z,3386,Рюкзак,2,22.16
2024-01-13T21:50:45.513Z,1841,Ластик,4,1404.41
2024-03-21T00:21:29.412Z,602,Бумага А4,2,681.77
2024-04-04T02:20:49.388Z,2186,Степлер,3,387.74
2024-07-02T00:17:28.676Z,2842,Дневник,3,90.19
2024-02-23T07:44:01.524Z,7066,Бумага А4,4,1237.37
2024-05-23T11:55:05.390Z,7600,Дневник,8,1111.6
2024-06-04T09:51:44.497Z,7880,Дневник,1,1918.24
2024-06-13T03:20:41.765Z,2228,Степлер,5,1844.26
2024-01-14T16:18:45.527Z,7679,Ластик,5,1345.0
2024-05-21T23:38:58.377Z,2748,Рюкзак,4,1883.95
2024-01-06T15:31:06.697Z,6661,Ластик,8,1138.26
2024-01-21T10:31:49.134Z,5791,Ручка шариковая,5,1937.5
2024-02-11T21:38:36.308Z,7206,Карандаш,1,1317.8
2024-05-05T23:35:14.887Z,9254,Степлер,3,97.49
2024-04-28T10:10:15.898Z,821,Дневник,7,1193.11
2024-02-15T10:13:19.030Z,2813,Ручка шариковая,1,1443.41
2024-05-31T03:50:10.692Z,4926,Ручка шариковая,1,903.22
2024-03-06T20:29:06.796Z,30,Ручка шариковая,5,1736.06
2024-06-25T02:53:12.765Z,714,Степлер,1,172.61
2024-06-02T21:22:23.288Z,2154,Дневник,10,1284.41
2024-01-25T04:32:00.247Z,9867,Ластик,3,919.76
2024-05-16T06:49:26.457Z,8219,Степлер,6,730.81
2024-03-28T05:05:24.593Z,7883,Степлер,9,668.86
2024-06-03T11:07:27.803Z,4500,Рюкзак,6,1308.43
2024-01-29T05:49:20.216Z,6825,Ручка шариковая,7,568.42
2024-05-14T21:57:10.518Z,1554,Ластик,7,1295.65
2024-07-09T01:30:54.907Z,1771,Карандаш,5,745.31
2024-01-02T13:56:25.420Z,2384,Рюкзак,8,1756.58
2024-03-14T10:53:14.309Z,4288,Ластик,5,1038.99
2024-02-12T18:35:30.045Z,7041,Степлер,3,578.31
2024-01-10T14:16:22.998Z,915,Рюкзак,10,1730.21
2024-03-17T19:30:04.959Z,2795,Карандаш,8,635.65
2024-01-08T23:22:15.025Z,1644,Ручка шариковая,6,898.69
2024-06-17T12:47:58.573Z,3935,Рюкзак,7,1156.67
2024-05-16T23:54:14.455Z,4638,Ластик,9,1568.32
2024-02-27T13:04:49.463Z,7068,Карандаш,5,82.56
2024-03-06T02:13:41.852Z,425,Дневник,1,1795.41
2024-03-05T01:27:01.645Z,1706,Степлер,7,1953.26
2024-07-12T04:28:34.026Z,457,Ручка шариковая,8,136.55
2024-04-27T18:35:02.357Z,8830,Степлер,10,1719.44
2024-01-02T03:35:42.539Z,9353,Рюкзак,10,1987.74
2024-07-07T12:32:20.842Z,4256,Ручка шариковая,1,1713.78
2024-06-25T10:04:56.913Z,1316,Бумага А4,2,124.83
2024-04-26T09:02:57.075Z,3784,Степлер,6,459.45
2024-07-06T00:49:14.733Z,6045,Ластик,9,307.37
2024-01-20T14:33:59.698Z,553,Карандаш,7,1331.78
2024-05-03T14:49:47.830Z,9968,Бумага А4,6,1817.06
2024-04-16T18:53:45.645Z,7462,Дневник,4,427.15
2024-04-15T07:20:11.335Z,2261,Рюкзак,6,1100.35
2024-01-23T14:32:03.382Z,2504,Рюкзак,2,847.5
2024-04-16T19:50:38.823Z,8271,Степлер,8,1582.85
2024-05-28T06:43:11.058Z,5615,Ручка шариковая,9,1873.59
2024-04-26T20:01:18.107Z,8520,Карандаш,5,978.81
2024-06-30T00:53:52.971Z,1537,Бумага А4,5,1954.88
2024-07-10T23:11:58.037Z,978,Степлер,2,224.93
2024-05-18T05:13:11.503Z,7409,Ручка шариковая,4,442.47
2024-05-26T07:41:02.418Z,7509,Степлер,3,1097.74
2024-06-02T12:10:17.890Z,9575,Бумага А4,9,1203.72
2024-01-15T07:36:13.054Z,9085,Степлер,5,1018.43
2024-01-30T09:28:17.229Z,636,Ластик,5,988.38
2024-04-07T19:41:21.848Z,2626,Карандаш,3,1311.21
2024-01-16T19:59:38.037Z,2211,Бумага А4,5,1716.13
2024-06-12T02:45:07.571Z,7967,Степлер,9,133.93
2024-06-02T16:59:16.411Z,4946,Степлер,8,1195.94
2024-02-13T19:48:34.385Z,3065,Карандаш,9,839.42
2024-01-13T20:22:29.139Z,7286,Рюкзак,7,1136.57
2024-02-08T21:02:42.779Z,9315,Рюкзак,4,1346.63
2024-01-13T20:07:57.782Z,8850,Дневник,1,1356.07
2024-07-01T02:23:26.322Z,6417,Ручка шариковая,7,1459.57
2024-07-10T16:51:43.593Z,770,Бумага А4,6,1100.15
2024-04-17T05:51:06.813Z,2933,Дневник,7,506.61
2024-02-07T15:01:07.351Z,9302,Степлер,9,144.1
2024-01-07T18:52:37.676Z,8916,Ластик,7,1565.06
2024-01-23T02:47:59.119Z,7039,Ластик,8,1494.65
2024-04-02T18:41:50.651Z,4754,Бумага А4,7,380.07
2024-05-27T02:42:04.266Z,8432,Бумага А4,4,1163.31
2024-05-03T15:53:40.924Z,4488,Бумага А4,2,1520.99
2024-07-06T17:35:41.924Z,8341,Бумага А4,8,611.83
2024-06-25T18:33:17.821Z,1934,Ластик,2,1189.42
2024-05-16T12:48:59.586Z,6968,Рюкзак,4,524.63
2024-01-25T07:54:14.947Z,4327,Степлер,2,446.77
2024-07-04T08:35:37.589Z,165,Бумага А4,5,51.37
2024-05-22T16:11:10.648Z,8195,Рюкзак,8,1567.08
2024-06-30T13:42:26.290Z,1666,Степлер,3,192.91
2024-04-21T01:24:31.662Z,7173,Карандаш,5,566.84
2024-05-02T14:20:14.391Z,7938,Ластик,4,371.38
2024-07-07T17:53:30.942Z,1315,Бумага А4,1,832.75
2024-06-15T04:57:17.688Z,2070,Ручка шариковая,3,1050.26
2024-07-07T03:49:27.123Z,4033,Рюкзак,10,434.39
2024-03-14T14:17:47.405Z,6952,Дневник,4,1406.88
